text,label
Busco um RPG com uma história envolvente,4
Sugira um jogo de ação emocionante,1
Quais jogos têm os principais gráficos?,7
Quais jogos têm os principais gráficos?,7
Me mostre um jogo de ação emocionante,1
Indique um jogo de ação emocionante,1
Busco um RPG com uma história envolvente,4
Indique um jogo de ação emocionante,1
"Se gostei de [Jogo X], o que mais eu devo jogar?",9
Quais são os principais simuladores de agricultura?,2
Quais são os jogos mais conhecidos atualmente?,5
"Eu gosto de jogos de estratégia complexos, o que você recomenda?",3
Sugira um excelente jogo de aventura para crianças.,6
Busco um RPG com uma história envolvente,4
Quais são os jogos mais famosos atualmente?,5
Quais são os lançamentos mais recentes no gênero RPG?,8
Quais jogos têm os principais gráficos?,7
"Eu gosto de jogos de estratégia complexos, o que você recomenda?",3
Quais jogos têm os principais gráficos?,7
Quais jogos são semelhantes a [Jogo Y]?,10
Quais são os lançamentos mais recentes no gênero RPG?,8
Busco um RPG com uma história envolvente,4
Quais são os lançamentos mais recentes no gênero RPG?,8
Quais são os principais simuladores de agricultura?,2
Quais são os jogos mais famosos atualmente?,5
Quais são os jogos mais famosos atualmente?,5
Quais são os lançamentos mais recentes no gênero RPG?,8
Quais são os lançamentos mais recentes no gênero RPG?,8
"Eu gosto de jogos de estratégia complexos, o que você recomenda?",3
Me mostre um jogo de ação emocionante,1
Quais são os mais recomendados simuladores de agricultura?,2
Quais são os lançamentos mais recentes no gênero RPG?,8
"Se gostei de [Jogo X], o que mais eu devo jogar?",9
Quais jogos são semelhantes a [Jogo Y]?,10
Quais são os jogos mais conhecidos atualmente?,5
"Eu gosto de jogos de estratégia complexos, o que você recomenda?",3
Quais são os lançamentos mais recentes no gênero RPG?,8
"Eu gosto de jogos de estratégia complexos, o que você recomenda?",3
Quais são os jogos mais conhecidos atualmente?,5
Quais são os lançamentos mais recentes no gênero RPG?,8
Quais são os jogos mais famosos atualmente?,5
Quais são os principais simuladores de agricultura?,2
Quais jogos têm os top gráficos?,7
"Eu gosto de jogos de estratégia complexos, o que você recomenda?",3
Quais jogos são semelhantes a [Jogo Y]?,10
Estou procurando por um RPG com uma história envolvente,4
Quais jogos são semelhantes a [Jogo Y]?,10
Quais jogos têm os principais gráficos?,7
Me mostre um ótimo jogo de aventura para crianças.,6
Quais são os lançamentos mais recentes no gênero RPG?,8
Quais jogos têm os top gráficos?,7
Quais são os principais simuladores de agricultura?,2
Quais são os principais simuladores de agricultura?,2
Quais jogos são semelhantes a [Jogo Y]?,10
Quais jogos têm os principais gráficos?,7
Quais jogos são semelhantes a [Jogo Y]?,10
"Se gostei de [Jogo X], o que mais eu devo jogar?",9
"Se gostei de [Jogo X], o que mais eu devo jogar?",9
Quais são os mais recomendados simuladores de agricultura?,2
"Se gostei de [Jogo X], o que mais eu devo jogar?",9
Me mostre um jogo de ação emocionante,1
Sugira um excelente jogo de aventura para crianças.,6
"Se gostei de [Jogo X], o que mais eu devo jogar?",9
"Eu gosto de jogos de estratégia complexos, o que você recomenda?",3
Quais jogos têm os mais recomendados gráficos?,7
Quais são os lançamentos mais recentes no gênero RPG?,8
Quais são os lançamentos mais recentes no gênero RPG?,8
"Se gostei de [Jogo X], o que mais eu devo jogar?",9
"Se gostei de [Jogo X], o que mais eu devo jogar?",9
Quais jogos são semelhantes a [Jogo Y]?,10
Estou procurando por um RPG com uma história envolvente,4
"Eu gosto de jogos de estratégia complexos, o que você recomenda?",3
Quais são os top simuladores de agricultura?,2
"Se gostei de [Jogo X], o que mais eu devo jogar?",9
Quais são os lançamentos mais recentes no gênero RPG?,8
Busco um RPG com uma história envolvente,4
"Se gostei de [Jogo X], o que mais eu devo jogar?",9
"Se gostei de [Jogo X], o que mais eu devo jogar?",9
"Se gostei de [Jogo X], o que mais eu devo jogar?",9
Gostaria de encontrar um RPG com uma história envolvente,4
Sugira um ideal jogo de aventura para crianças.,6
Indique um jogo de ação emocionante,1
Quais jogos têm os mais recomendados gráficos?,7
Busco um RPG com uma história envolvente,4
Quais jogos são semelhantes a [Jogo Y]?,10
Quais são os top simuladores de agricultura?,2
Sugira um ideal jogo de aventura para crianças.,6
Quais jogos são semelhantes a [Jogo Y]?,10
Indique um jogo de ação emocionante,1
Quais jogos têm os top gráficos?,7
Gostaria de encontrar um RPG com uma história envolvente,4
Indique um ótimo jogo de aventura para crianças.,6
Quais são os jogos mais bem avaliados atualmente?,5
Quais são os principais simuladores de agricultura?,2
Estou procurando por um RPG com uma história envolvente,4
Me mostre um jogo de ação emocionante,1
"Se gostei de [Jogo X], o que mais eu devo jogar?",9
"Eu gosto de jogos de estratégia complexos, o que você recomenda?",3
Quais jogos são semelhantes a [Jogo Y]?,10
Gostaria de encontrar um RPG com uma história envolvente,4
"Eu gosto de jogos de estratégia complexos, o que você recomenda?",3
Quais são os mais recomendados simuladores de agricultura?,2
Quais são os top simuladores de agricultura?,2
Sugira um ideal jogo de aventura para crianças.,6
Estou procurando por um RPG com uma história envolvente,4
Quais são os jogos mais bem avaliados atualmente?,5
"Eu gosto de jogos de estratégia complexos, o que você recomenda?",3
"Se gostei de [Jogo X], o que mais eu devo jogar?",9
"Se gostei de [Jogo X], o que mais eu devo jogar?",9
Quais são os principais simuladores de agricultura?,2
Quais jogos são semelhantes a [Jogo Y]?,10
Quais são os lançamentos mais recentes no gênero RPG?,8
"Eu gosto de jogos de estratégia complexos, o que você recomenda?",3
Sugira um ideal jogo de aventura para crianças.,6
Quais são os top simuladores de agricultura?,2
Quais jogos têm os mais recomendados gráficos?,7
Quais são os lançamentos mais recentes no gênero RPG?,8
Quais jogos têm os principais gráficos?,7
Quais jogos têm os top gráficos?,7
"Se gostei de [Jogo X], o que mais eu devo jogar?",9
Gostaria de encontrar um RPG com uma história envolvente,4
Quais são os lançamentos mais recentes no gênero RPG?,8
"Se gostei de [Jogo X], o que mais eu devo jogar?",9
Estou procurando por um RPG com uma história envolvente,4
Indique um jogo de ação emocionante,1
Quais são os lançamentos mais recentes no gênero RPG?,8
"Se gostei de [Jogo X], o que mais eu devo jogar?",9
"Se gostei de [Jogo X], o que mais eu devo jogar?",9
"Eu gosto de jogos de estratégia complexos, o que você recomenda?",3
Me mostre um jogo de ação emocionante,1
Quais jogos têm os top gráficos?,7
Quais são os lançamentos mais recentes no gênero RPG?,8
Quais são os jogos mais famosos atualmente?,5
"Se gostei de [Jogo X], o que mais eu devo jogar?",9
Quais jogos são semelhantes a [Jogo Y]?,10
Quais são os jogos mais conhecidos atualmente?,5
Quais são os mais recomendados simuladores de agricultura?,2
Busco um RPG com uma história envolvente,4
Quais são os mais recomendados simuladores de agricultura?,2
Indique um ótimo jogo de aventura para crianças.,6
Quais jogos são semelhantes a [Jogo Y]?,10
Quais são os lançamentos mais recentes no gênero RPG?,8
Quais jogos são semelhantes a [Jogo Y]?,10
Quais são os jogos mais bem avaliados atualmente?,5
Quais jogos têm os mais recomendados gráficos?,7
Indique um jogo de ação emocionante,1
Quais são os lançamentos mais recentes no gênero RPG?,8
"Se gostei de [Jogo X], o que mais eu devo jogar?",9
Indique um jogo de ação emocionante,1
Quais jogos são semelhantes a [Jogo Y]?,10
Quais são os jogos mais conhecidos atualmente?,5
Quais são os lançamentos mais recentes no gênero RPG?,8
Quais são os principais simuladores de agricultura?,2
Estou procurando por um RPG com uma história envolvente,4
Quais jogos têm os mais recomendados gráficos?,7
"Se gostei de [Jogo X], o que mais eu devo jogar?",9
Quais são os jogos mais famosos atualmente?,5
Quais jogos são semelhantes a [Jogo Y]?,10
"Eu gosto de jogos de estratégia complexos, o que você recomenda?",3
Quais são os jogos mais famosos atualmente?,5
Quais são os jogos mais bem avaliados atualmente?,5
"Eu gosto de jogos de estratégia complexos, o que você recomenda?",3
Gostaria de encontrar um RPG com uma história envolvente,4
Quais são os jogos mais conhecidos atualmente?,5
Me mostre um ideal jogo de aventura para crianças.,6
"Se gostei de [Jogo X], o que mais eu devo jogar?",9
Quais jogos têm os mais recomendados gráficos?,7
Me mostre um ideal jogo de aventura para crianças.,6
"Eu gosto de jogos de estratégia complexos, o que você recomenda?",3
Quais jogos são semelhantes a [Jogo Y]?,10
Quais são os jogos mais bem avaliados atualmente?,5
Quais jogos têm os top gráficos?,7
"Eu gosto de jogos de estratégia complexos, o que você recomenda?",3
Indique um ideal jogo de aventura para crianças.,6
Quais são os jogos mais conhecidos atualmente?,5
Quais são os lançamentos mais recentes no gênero RPG?,8
Quais jogos têm os principais gráficos?,7
Quais são os mais recomendados simuladores de agricultura?,2
"Se gostei de [Jogo X], o que mais eu devo jogar?",9
Quais são os lançamentos mais recentes no gênero RPG?,8
Gostaria de encontrar um RPG com uma história envolvente,4
Quais jogos são semelhantes a [Jogo Y]?,10
Quais são os principais simuladores de agricultura?,2
Gostaria de encontrar um RPG com uma história envolvente,4
Quais jogos têm os principais gráficos?,7
Sugira um jogo de ação emocionante,1
Quais jogos são semelhantes a [Jogo Y]?,10
Gostaria de encontrar um RPG com uma história envolvente,4
Quais são os jogos mais famosos atualmente?,5
Estou procurando por um RPG com uma história envolvente,4
Quais jogos têm os mais recomendados gráficos?,7
Quais são os jogos mais famosos atualmente?,5
Quais jogos são semelhantes a [Jogo Y]?,10
Quais são os principais simuladores de agricultura?,2
Sugira um jogo de ação emocionante,1
Quais são os principais simuladores de agricultura?,2
Quais são os mais recomendados simuladores de agricultura?,2
Quais são os lançamentos mais recentes no gênero RPG?,8
Quais são os principais simuladores de agricultura?,2
Sugira um excelente jogo de aventura para crianças.,6
"Se gostei de [Jogo X], o que mais eu devo jogar?",9
Quais são os jogos mais famosos atualmente?,5
"Eu gosto de jogos de estratégia complexos, o que você recomenda?",3
Quais são os top simuladores de agricultura?,2
Quais jogos são semelhantes a [Jogo Y]?,10
Quais jogos são semelhantes a [Jogo Y]?,10
Gostaria de encontrar um RPG com uma história envolvente,4
Quais jogos são semelhantes a [Jogo Y]?,10
Quais jogos têm os mais recomendados gráficos?,7
Quais são os top simuladores de agricultura?,2
Quais jogos têm os principais gráficos?,7
Busco um RPG com uma história envolvente,4
Quais são os principais simuladores de agricultura?,2
"Se gostei de [Jogo X], o que mais eu devo jogar?",9
Sugira um jogo de ação emocionante,1
Quais são os jogos mais bem avaliados atualmente?,5
Quais são os jogos mais famosos atualmente?,5
Quais são os jogos mais bem avaliados atualmente?,5
Estou procurando por um RPG com uma história envolvente,4
Me mostre um jogo de ação emocionante,1
Quais são os jogos mais bem avaliados atualmente?,5
"Eu gosto de jogos de estratégia complexos, o que você recomenda?",3
Quais são os lançamentos mais recentes no gênero RPG?,8
"Eu gosto de jogos de estratégia complexos, o que você recomenda?",3
Quais são os jogos mais famosos atualmente?,5
Quais são os principais simuladores de agricultura?,2
"Eu gosto de jogos de estratégia complexos, o que você recomenda?",3
Busco um RPG com uma história envolvente,4
"Eu gosto de jogos de estratégia complexos, o que você recomenda?",3
Quais são os jogos mais famosos atualmente?,5
Sugira um jogo de ação emocionante,1
Sugira um jogo de ação emocionante,1
Me mostre um jogo de ação emocionante,1
"Eu gosto de jogos de estratégia complexos, o que você recomenda?",3
"Se gostei de [Jogo X], o que mais eu devo jogar?",9
Gostaria de encontrar um RPG com uma história envolvente,4
Quais jogos são semelhantes a [Jogo Y]?,10
"Eu gosto de jogos de estratégia complexos, o que você recomenda?",3
"Eu gosto de jogos de estratégia complexos, o que você recomenda?",3
"Se gostei de [Jogo X], o que mais eu devo jogar?",9
Quais jogos têm os mais recomendados gráficos?,7
Me mostre um jogo de ação emocionante,1
Quais jogos são semelhantes a [Jogo Y]?,10
Quais são os mais recomendados simuladores de agricultura?,2
Quais são os mais recomendados simuladores de agricultura?,2
Quais são os lançamentos mais recentes no gênero RPG?,8
"Eu gosto de jogos de estratégia complexos, o que você recomenda?",3
"Eu gosto de jogos de estratégia complexos, o que você recomenda?",3
Quais são os jogos mais bem avaliados atualmente?,5
Estou procurando por um RPG com uma história envolvente,4
Quais são os lançamentos mais recentes no gênero RPG?,8
Quais jogos têm os principais gráficos?,7
Quais jogos são semelhantes a [Jogo Y]?,10
Quais jogos têm os mais recomendados gráficos?,7
Sugira um excelente jogo de aventura para crianças.,6
Busco um RPG com uma história envolvente,4
Sugira um jogo de ação emocionante,1
Sugira um jogo de ação emocionante,1
Me mostre um jogo de ação emocionante,1
Quais são os lançamentos mais recentes no gênero RPG?,8
"Eu gosto de jogos de estratégia complexos, o que você recomenda?",3
Quais são os jogos mais conhecidos atualmente?,5
Gostaria de encontrar um RPG com uma história envolvente,4
Quais são os mais recomendados simuladores de agricultura?,2
Quais são os lançamentos mais recentes no gênero RPG?,8
"Se gostei de [Jogo X], o que mais eu devo jogar?",9
"Se gostei de [Jogo X], o que mais eu devo jogar?",9
Quais são os lançamentos mais recentes no gênero RPG?,8
"Eu gosto de jogos de estratégia complexos, o que você recomenda?",3
Quais jogos têm os mais recomendados gráficos?,7
"Eu gosto de jogos de estratégia complexos, o que você recomenda?",3
Quais jogos são semelhantes a [Jogo Y]?,10
Quais são os mais recomendados simuladores de agricultura?,2
Estou procurando por um RPG com uma história envolvente,4
Quais são os jogos mais conhecidos atualmente?,5
Quais são os jogos mais conhecidos atualmente?,5
Indique um jogo de ação emocionante,1
Sugira um jogo de ação emocionante,1
Quais são os lançamentos mais recentes no gênero RPG?,8
Quais são os lançamentos mais recentes no gênero RPG?,8
"Se gostei de [Jogo X], o que mais eu devo jogar?",9
Quais jogos têm os principais gráficos?,7
Quais jogos têm os mais recomendados gráficos?,7
Quais são os jogos mais bem avaliados atualmente?,5
"Eu gosto de jogos de estratégia complexos, o que você recomenda?",3
Sugira um ótimo jogo de aventura para crianças.,6
Sugira um ideal jogo de aventura para crianças.,6
Quais são os principais simuladores de agricultura?,2
"Se gostei de [Jogo X], o que mais eu devo jogar?",9
Gostaria de encontrar um RPG com uma história envolvente,4
Indique um ótimo jogo de aventura para crianças.,6
Me mostre um jogo de ação emocionante,1
Quais jogos são semelhantes a [Jogo Y]?,10
Quais jogos têm os mais recomendados gráficos?,7
Quais jogos são semelhantes a [Jogo Y]?,10
Quais jogos têm os principais gráficos?,7
Indique um jogo de ação emocionante,1
Quais jogos têm os top gráficos?,7
Quais são os jogos mais famosos atualmente?,5
Me mostre um ideal jogo de aventura para crianças.,6
"Eu gosto de jogos de estratégia complexos, o que você recomenda?",3
Gostaria de encontrar um RPG com uma história envolvente,4
Sugira um jogo de ação emocionante,1
"Se gostei de [Jogo X], o que mais eu devo jogar?",9
Quais são os jogos mais conhecidos atualmente?,5
Quais são os top simuladores de agricultura?,2
Quais são os principais simuladores de agricultura?,2
Quais jogos são semelhantes a [Jogo Y]?,10
Quais são os lançamentos mais recentes no gênero RPG?,8
Quais são os jogos mais bem avaliados atualmente?,5
Quais são os lançamentos mais recentes no gênero RPG?,8
Quais jogos têm os top gráficos?,7
"Eu gosto de jogos de estratégia complexos, o que você recomenda?",3
Indique um ótimo jogo de aventura para crianças.,6
Quais jogos são semelhantes a [Jogo Y]?,10
"Eu gosto de jogos de estratégia complexos, o que você recomenda?",3
Quais jogos são semelhantes a [Jogo Y]?,10
Quais são os lançamentos mais recentes no gênero RPG?,8
"Eu gosto de jogos de estratégia complexos, o que você recomenda?",3
"Eu gosto de jogos de estratégia complexos, o que você recomenda?",3
Quais são os lançamentos mais recentes no gênero RPG?,8
Quais jogos são semelhantes a [Jogo Y]?,10
Quais são os principais simuladores de agricultura?,2
Quais jogos são semelhantes a [Jogo Y]?,10
Quais são os mais recomendados simuladores de agricultura?,2
"Se gostei de [Jogo X], o que mais eu devo jogar?",9
Quais são os lançamentos mais recentes no gênero RPG?,8
Quais jogos têm os principais gráficos?,7
"Eu gosto de jogos de estratégia complexos, o que você recomenda?",3
"Se gostei de [Jogo X], o que mais eu devo jogar?",9
Busco um RPG com uma história envolvente,4
Indique um jogo de ação emocionante,1
"Eu gosto de jogos de estratégia complexos, o que você recomenda?",3
Quais são os mais recomendados simuladores de agricultura?,2
Quais são os lançamentos mais recentes no gênero RPG?,8
Quais jogos têm os principais gráficos?,7
Quais são os principais simuladores de agricultura?,2
Quais são os lançamentos mais recentes no gênero RPG?,8
Me mostre um jogo de ação emocionante,1
"Eu gosto de jogos de estratégia complexos, o que você recomenda?",3
Quais são os jogos mais famosos atualmente?,5
Quais são os mais recomendados simuladores de agricultura?,2
Sugira um excelente jogo de aventura para crianças.,6
Indique um ideal jogo de aventura para crianças.,6
Quais são os top simuladores de agricultura?,2
Quais jogos são semelhantes a [Jogo Y]?,10
"Eu gosto de jogos de estratégia complexos, o que você recomenda?",3
Quais são os top simuladores de agricultura?,2
Indique um jogo de ação emocionante,1
Quais jogos são semelhantes a [Jogo Y]?,10
Quais jogos têm os principais gráficos?,7
Quais jogos são semelhantes a [Jogo Y]?,10
Indique um ótimo jogo de aventura para crianças.,6
Quais jogos são semelhantes a [Jogo Y]?,10
Quais são os lançamentos mais recentes no gênero RPG?,8
Quais são os mais recomendados simuladores de agricultura?,2
Gostaria de encontrar um RPG com uma história envolvente,4
"Se gostei de [Jogo X], o que mais eu devo jogar?",9
Sugira um ideal jogo de aventura para crianças.,6
"Se gostei de [Jogo X], o que mais eu devo jogar?",9
Me mostre um excelente jogo de aventura para crianças.,6
"Se gostei de [Jogo X], o que mais eu devo jogar?",9
Me mostre um jogo de ação emocionante,1
Quais são os mais recomendados simuladores de agricultura?,2
Quais são os lançamentos mais recentes no gênero RPG?,8
Quais são os lançamentos mais recentes no gênero RPG?,8
"Eu gosto de jogos de estratégia complexos, o que você recomenda?",3
Me mostre um jogo de ação emocionante,1
Quais jogos são semelhantes a [Jogo Y]?,10
Quais são os jogos mais bem avaliados atualmente?,5
Sugira um jogo de ação emocionante,1
Quais são os lançamentos mais recentes no gênero RPG?,8
Quais jogos são semelhantes a [Jogo Y]?,10
Sugira um excelente jogo de aventura para crianças.,6
"Eu gosto de jogos de estratégia complexos, o que você recomenda?",3
Quais jogos são semelhantes a [Jogo Y]?,10
Quais são os jogos mais conhecidos atualmente?,5
Quais são os lançamentos mais recentes no gênero RPG?,8
"Eu gosto de jogos de estratégia complexos, o que você recomenda?",3
"Eu gosto de jogos de estratégia complexos, o que você recomenda?",3
Quais jogos são semelhantes a [Jogo Y]?,10
Quais jogos são semelhantes a [Jogo Y]?,10
Quais são os jogos mais conhecidos atualmente?,5
Me mostre um ideal jogo de aventura para crianças.,6
Quais jogos têm os mais recomendados gráficos?,7
Quais jogos têm os principais gráficos?,7
Indique um jogo de ação emocionante,1
"Se gostei de [Jogo X], o que mais eu devo jogar?",9
Indique um jogo de ação emocionante,1
Indique um ótimo jogo de aventura para crianças.,6
Me mostre um jogo de ação emocionante,1
Quais são os mais recomendados simuladores de agricultura?,2
Gostaria de encontrar um RPG com uma história envolvente,4
Quais são os top simuladores de agricultura?,2
"Eu gosto de jogos de estratégia complexos, o que você recomenda?",3
Quais jogos têm os top gráficos?,7
Quais são os jogos mais famosos atualmente?,5
"Se gostei de [Jogo X], o que mais eu devo jogar?",9
"Se gostei de [Jogo X], o que mais eu devo jogar?",9
Quais são os lançamentos mais recentes no gênero RPG?,8
"Se gostei de [Jogo X], o que mais eu devo jogar?",9
Sugira um jogo de ação emocionante,1
"Eu gosto de jogos de estratégia complexos, o que você recomenda?",3
Quais jogos são semelhantes a [Jogo Y]?,10
"Eu gosto de jogos de estratégia complexos, o que você recomenda?",3
Busco um RPG com uma história envolvente,4
Quais são os principais simuladores de agricultura?,2
Quais são os jogos mais bem avaliados atualmente?,5
Quais são os mais recomendados simuladores de agricultura?,2
Indique um excelente jogo de aventura para crianças.,6
Quais são os mais recomendados simuladores de agricultura?,2
Quais jogos são semelhantes a [Jogo Y]?,10
Quais são os jogos mais famosos atualmente?,5
"Eu gosto de jogos de estratégia complexos, o que você recomenda?",3
Estou procurando por um RPG com uma história envolvente,4
Busco um RPG com uma história envolvente,4
Indique um jogo de ação emocionante,1
Quais jogos têm os principais gráficos?,7
Quais são os mais recomendados simuladores de agricultura?,2
Sugira um ótimo jogo de aventura para crianças.,6
Quais são os jogos mais famosos atualmente?,5
Quais são os top simuladores de agricultura?,2
"Eu gosto de jogos de estratégia complexos, o que você recomenda?",3
Quais são os top simuladores de agricultura?,2
"Se gostei de [Jogo X], o que mais eu devo jogar?",9
Quais são os lançamentos mais recentes no gênero RPG?,8
Quais jogos têm os principais gráficos?,7
"Eu gosto de jogos de estratégia complexos, o que você recomenda?",3
"Eu gosto de jogos de estratégia complexos, o que você recomenda?",3
"Se gostei de [Jogo X], o que mais eu devo jogar?",9
Quais jogos são semelhantes a [Jogo Y]?,10
Quais jogos têm os mais recomendados gráficos?,7
Quais jogos têm os mais recomendados gráficos?,7
Sugira um jogo de ação emocionante,1
Busco um RPG com uma história envolvente,4
Gostaria de encontrar um RPG com uma história envolvente,4
Quais são os jogos mais bem avaliados atualmente?,5
Quais jogos são semelhantes a [Jogo Y]?,10
"Se gostei de [Jogo X], o que mais eu devo jogar?",9
"Se gostei de [Jogo X], o que mais eu devo jogar?",9
"Se gostei de [Jogo X], o que mais eu devo jogar?",9
Gostaria de encontrar um RPG com uma história envolvente,4
"Se gostei de [Jogo X], o que mais eu devo jogar?",9
Quais são os top simuladores de agricultura?,2
"Eu gosto de jogos de estratégia complexos, o que você recomenda?",3
Quais são os lançamentos mais recentes no gênero RPG?,8
Sugira um ideal jogo de aventura para crianças.,6
Quais jogos têm os top gráficos?,7
Sugira um jogo de ação emocionante,1
Quais são os principais simuladores de agricultura?,2
Quais são os lançamentos mais recentes no gênero RPG?,8
Quais são os lançamentos mais recentes no gênero RPG?,8
Quais jogos são semelhantes a [Jogo Y]?,10
Quais são os jogos mais conhecidos atualmente?,5
Busco um RPG com uma história envolvente,4
Busco um RPG com uma história envolvente,4
Quais são os principais simuladores de agricultura?,2
Estou procurando por um RPG com uma história envolvente,4
Sugira um jogo de ação emocionante,1
Quais são os jogos mais famosos atualmente?,5
"Eu gosto de jogos de estratégia complexos, o que você recomenda?",3
Quais jogos são semelhantes a [Jogo Y]?,10
Sugira um excelente jogo de aventura para crianças.,6
Sugira um jogo de ação emocionante,1
Quais jogos são semelhantes a [Jogo Y]?,10
Quais são os lançamentos mais recentes no gênero RPG?,8
Quais são os lançamentos mais recentes no gênero RPG?,8
Quais são os lançamentos mais recentes no gênero RPG?,8
Quais jogos têm os principais gráficos?,7
Quais jogos têm os principais gráficos?,7
Quais jogos têm os principais gráficos?,7
Gostaria de encontrar um RPG com uma história envolvente,4
Quais são os principais simuladores de agricultura?,2
Gostaria de encontrar um RPG com uma história envolvente,4
Me mostre um jogo de ação emocionante,1
Busco um RPG com uma história envolvente,4
Indique um excelente jogo de aventura para crianças.,6
Indique um jogo de ação emocionante,1
Sugira um ideal jogo de aventura para crianças.,6
Quais são os jogos mais conhecidos atualmente?,5
Me mostre um ótimo jogo de aventura para crianças.,6
Indique um ideal jogo de aventura para crianças.,6
Quais jogos têm os mais recomendados gráficos?,7
Me mostre um jogo de ação emocionante,1
Quais jogos são semelhantes a [Jogo Y]?,10
Sugira um jogo de ação emocionante,1
Indique um jogo de ação emocionante,1
Me mostre um ótimo jogo de aventura para crianças.,6
"Eu gosto de jogos de estratégia complexos, o que você recomenda?",3
Quais são os jogos mais conhecidos atualmente?,5
Me mostre um ótimo jogo de aventura para crianças.,6
Quais são os principais simuladores de agricultura?,2
Quais jogos têm os mais recomendados gráficos?,7
Indique um excelente jogo de aventura para crianças.,6
"Eu gosto de jogos de estratégia complexos, o que você recomenda?",3
"Eu gosto de jogos de estratégia complexos, o que você recomenda?",3
Quais são os principais simuladores de agricultura?,2
Me mostre um jogo de ação emocionante,1
Indique um jogo de ação emocionante,1
"Se gostei de [Jogo X], o que mais eu devo jogar?",9
"Se gostei de [Jogo X], o que mais eu devo jogar?",9
Quais são os lançamentos mais recentes no gênero RPG?,8
Quais jogos têm os top gráficos?,7
Quais jogos têm os principais gráficos?,7
Quais jogos têm os mais recomendados gráficos?,7
Quais são os mais recomendados simuladores de agricultura?,2
Quais são os lançamentos mais recentes no gênero RPG?,8
Quais são os jogos mais famosos atualmente?,5
"Se gostei de [Jogo X], o que mais eu devo jogar?",9
Estou procurando por um RPG com uma história envolvente,4
Quais são os top simuladores de agricultura?,2
Indique um ótimo jogo de aventura para crianças.,6
Quais jogos têm os top gráficos?,7
Quais são os principais simuladores de agricultura?,2
Gostaria de encontrar um RPG com uma história envolvente,4
Quais são os jogos mais conhecidos atualmente?,5
Quais jogos são semelhantes a [Jogo Y]?,10
Quais são os lançamentos mais recentes no gênero RPG?,8
Sugira um jogo de ação emocionante,1
Indique um ideal jogo de aventura para crianças.,6
"Eu gosto de jogos de estratégia complexos, o que você recomenda?",3
"Se gostei de [Jogo X], o que mais eu devo jogar?",9
Me mostre um jogo de ação emocionante,1
Me mostre um jogo de ação emocionante,1
Indique um ideal jogo de aventura para crianças.,6
"Se gostei de [Jogo X], o que mais eu devo jogar?",9
Quais jogos são semelhantes a [Jogo Y]?,10
Quais jogos são semelhantes a [Jogo Y]?,10
Quais jogos são semelhantes a [Jogo Y]?,10
Quais são os lançamentos mais recentes no gênero RPG?,8
Quais são os lançamentos mais recentes no gênero RPG?,8
Quais jogos têm os mais recomendados gráficos?,7
"Eu gosto de jogos de estratégia complexos, o que você recomenda?",3
Quais são os lançamentos mais recentes no gênero RPG?,8
"Se gostei de [Jogo X], o que mais eu devo jogar?",9
Quais são os mais recomendados simuladores de agricultura?,2
"Eu gosto de jogos de estratégia complexos, o que você recomenda?",3
"Eu gosto de jogos de estratégia complexos, o que você recomenda?",3
Sugira um jogo de ação emocionante,1
Indique um jogo de ação emocionante,1
Quais são os jogos mais bem avaliados atualmente?,5
Quais são os mais recomendados simuladores de agricultura?,2
Quais são os top simuladores de agricultura?,2
Quais jogos têm os mais recomendados gráficos?,7
Sugira um jogo de ação emocionante,1
Quais jogos têm os principais gráficos?,7
Me mostre um jogo de ação emocionante,1
"Eu gosto de jogos de estratégia complexos, o que você recomenda?",3
Indique um excelente jogo de aventura para crianças.,6
Me mostre um jogo de ação emocionante,1
Quais são os lançamentos mais recentes no gênero RPG?,8
Quais são os principais simuladores de agricultura?,2
Indique um ótimo jogo de aventura para crianças.,6
Me mostre um excelente jogo de aventura para crianças.,6
Sugira um jogo de ação emocionante,1
Sugira um ótimo jogo de aventura para crianças.,6
Sugira um excelente jogo de aventura para crianças.,6
Quais jogos são semelhantes a [Jogo Y]?,10
Sugira um excelente jogo de aventura para crianças.,6
"Eu gosto de jogos de estratégia complexos, o que você recomenda?",3
"Eu gosto de jogos de estratégia complexos, o que você recomenda?",3
Estou procurando por um RPG com uma história envolvente,4
Me mostre um ideal jogo de aventura para crianças.,6
Quais jogos são semelhantes a [Jogo Y]?,10
Quais jogos têm os principais gráficos?,7
Quais são os lançamentos mais recentes no gênero RPG?,8
Quais jogos têm os top gráficos?,7
Quais jogos são semelhantes a [Jogo Y]?,10
Quais jogos têm os principais gráficos?,7
Sugira um jogo de ação emocionante,1
"Se gostei de [Jogo X], o que mais eu devo jogar?",9
Quais jogos são semelhantes a [Jogo Y]?,10
Quais são os lançamentos mais recentes no gênero RPG?,8
Sugira um ideal jogo de aventura para crianças.,6
Quais são os jogos mais conhecidos atualmente?,5
Gostaria de encontrar um RPG com uma história envolvente,4
"Se gostei de [Jogo X], o que mais eu devo jogar?",9
Indique um jogo de ação emocionante,1
"Eu gosto de jogos de estratégia complexos, o que você recomenda?",3
Sugira um jogo de ação emocionante,1
Gostaria de encontrar um RPG com uma história envolvente,4
Quais jogos têm os mais recomendados gráficos?,7
Busco um RPG com uma história envolvente,4
"Se gostei de [Jogo X], o que mais eu devo jogar?",9
Indique um jogo de ação emocionante,1
"Eu gosto de jogos de estratégia complexos, o que você recomenda?",3
Quais são os jogos mais bem avaliados atualmente?,5
"Se gostei de [Jogo X], o que mais eu devo jogar?",9
"Se gostei de [Jogo X], o que mais eu devo jogar?",9
Sugira um jogo de ação emocionante,1
Me mostre um excelente jogo de aventura para crianças.,6
"Se gostei de [Jogo X], o que mais eu devo jogar?",9
Quais são os mais recomendados simuladores de agricultura?,2
Quais são os principais simuladores de agricultura?,2
Quais são os mais recomendados simuladores de agricultura?,2
Sugira um jogo de ação emocionante,1
Quais jogos têm os mais recomendados gráficos?,7
Quais são os jogos mais conhecidos atualmente?,5
Quais jogos são semelhantes a [Jogo Y]?,10
Quais são os jogos mais famosos atualmente?,5
Quais jogos têm os principais gráficos?,7
Quais são os mais recomendados simuladores de agricultura?,2
Quais são os principais simuladores de agricultura?,2
Me mostre um ótimo jogo de aventura para crianças.,6
Quais são os lançamentos mais recentes no gênero RPG?,8
Estou procurando por um RPG com uma história envolvente,4
"Se gostei de [Jogo X], o que mais eu devo jogar?",9
Quais são os jogos mais bem avaliados atualmente?,5
Quais são os jogos mais conhecidos atualmente?,5
Sugira um ótimo jogo de aventura para crianças.,6
Me mostre um jogo de ação emocionante,1
"Se gostei de [Jogo X], o que mais eu devo jogar?",9
Quais são os principais simuladores de agricultura?,2
Busco um RPG com uma história envolvente,4
"Se gostei de [Jogo X], o que mais eu devo jogar?",9
Quais jogos são semelhantes a [Jogo Y]?,10
Indique um ideal jogo de aventura para crianças.,6
"Eu gosto de jogos de estratégia complexos, o que você recomenda?",3
Quais são os mais recomendados simuladores de agricultura?,2
"Se gostei de [Jogo X], o que mais eu devo jogar?",9
"Eu gosto de jogos de estratégia complexos, o que você recomenda?",3
Indique um jogo de ação emocionante,1
Quais jogos são semelhantes a [Jogo Y]?,10
Quais são os mais recomendados simuladores de agricultura?,2
Indique um ótimo jogo de aventura para crianças.,6
Gostaria de encontrar um RPG com uma história envolvente,4
Quais são os lançamentos mais recentes no gênero RPG?,8
Quais jogos são semelhantes a [Jogo Y]?,10
Sugira um jogo de ação emocionante,1
Estou procurando por um RPG com uma história envolvente,4
"Eu gosto de jogos de estratégia complexos, o que você recomenda?",3
Quais são os mais recomendados simuladores de agricultura?,2
Quais são os jogos mais bem avaliados atualmente?,5
Quais jogos são semelhantes a [Jogo Y]?,10
Quais são os lançamentos mais recentes no gênero RPG?,8
"Se gostei de [Jogo X], o que mais eu devo jogar?",9
Indique um jogo de ação emocionante,1
Quais são os principais simuladores de agricultura?,2
Quais são os lançamentos mais recentes no gênero RPG?,8
Quais são os lançamentos mais recentes no gênero RPG?,8
Quais jogos são semelhantes a [Jogo Y]?,10
Busco um RPG com uma história envolvente,4
Indique um jogo de ação emocionante,1
"Eu gosto de jogos de estratégia complexos, o que você recomenda?",3
"Se gostei de [Jogo X], o que mais eu devo jogar?",9
Quais jogos têm os mais recomendados gráficos?,7
Quais são os top simuladores de agricultura?,2
Quais jogos têm os principais gráficos?,7
Gostaria de encontrar um RPG com uma história envolvente,4
Quais jogos são semelhantes a [Jogo Y]?,10
Gostaria de encontrar um RPG com uma história envolvente,4
Sugira um jogo de ação emocionante,1
Estou procurando por um RPG com uma história envolvente,4
Quais são os lançamentos mais recentes no gênero RPG?,8
Quais jogos são semelhantes a [Jogo Y]?,10
"Eu gosto de jogos de estratégia complexos, o que você recomenda?",3
Quais são os jogos mais famosos atualmente?,5
"Eu gosto de jogos de estratégia complexos, o que você recomenda?",3
Me mostre um ótimo jogo de aventura para crianças.,6
"Se gostei de [Jogo X], o que mais eu devo jogar?",9
Quais jogos são semelhantes a [Jogo Y]?,10
Quais são os top simuladores de agricultura?,2
Quais jogos são semelhantes a [Jogo Y]?,10
"Se gostei de [Jogo X], o que mais eu devo jogar?",9
Quais jogos são semelhantes a [Jogo Y]?,10
"Eu gosto de jogos de estratégia complexos, o que você recomenda?",3
Quais são os principais simuladores de agricultura?,2
Quais jogos são semelhantes a [Jogo Y]?,10
Quais são os lançamentos mais recentes no gênero RPG?,8
Gostaria de encontrar um RPG com uma história envolvente,4
Sugira um jogo de ação emocionante,1
Quais são os jogos mais famosos atualmente?,5
Estou procurando por um RPG com uma história envolvente,4
"Se gostei de [Jogo X], o que mais eu devo jogar?",9
Sugira um jogo de ação emocionante,1
Indique um ótimo jogo de aventura para crianças.,6
Quais são os lançamentos mais recentes no gênero RPG?,8
"Se gostei de [Jogo X], o que mais eu devo jogar?",9
Quais são os jogos mais bem avaliados atualmente?,5
Quais jogos são semelhantes a [Jogo Y]?,10
Estou procurando por um RPG com uma história envolvente,4
Gostaria de encontrar um RPG com uma história envolvente,4
Quais são os top simuladores de agricultura?,2
Indique um ideal jogo de aventura para crianças.,6
Sugira um jogo de ação emocionante,1
Quais jogos são semelhantes a [Jogo Y]?,10
Sugira um ideal jogo de aventura para crianças.,6
Quais são os lançamentos mais recentes no gênero RPG?,8
Estou procurando por um RPG com uma história envolvente,4
Quais são os jogos mais famosos atualmente?,5
Indique um jogo de ação emocionante,1
Estou procurando por um RPG com uma história envolvente,4
Quais jogos são semelhantes a [Jogo Y]?,10
"Se gostei de [Jogo X], o que mais eu devo jogar?",9
Quais são os mais recomendados simuladores de agricultura?,2
"Eu gosto de jogos de estratégia complexos, o que você recomenda?",3
Quais são os jogos mais conhecidos atualmente?,5
Quais são os lançamentos mais recentes no gênero RPG?,8
Quais são os top simuladores de agricultura?,2
Busco um RPG com uma história envolvente,4
Quais são os mais recomendados simuladores de agricultura?,2
Busco um RPG com uma história envolvente,4
Sugira um ideal jogo de aventura para crianças.,6
"Se gostei de [Jogo X], o que mais eu devo jogar?",9
"Eu gosto de jogos de estratégia complexos, o que você recomenda?",3
Busco um RPG com uma história envolvente,4
Quais são os jogos mais conhecidos atualmente?,5
"Eu gosto de jogos de estratégia complexos, o que você recomenda?",3
Me mostre um jogo de ação emocionante,1
Quais jogos têm os principais gráficos?,7
Quais jogos têm os principais gráficos?,7
Indique um excelente jogo de aventura para crianças.,6
Sugira um excelente jogo de aventura para crianças.,6
Estou procurando por um RPG com uma história envolvente,4
Sugira um ideal jogo de aventura para crianças.,6
Me mostre um ideal jogo de aventura para crianças.,6
Estou procurando por um RPG com uma história envolvente,4
Quais jogos têm os mais recomendados gráficos?,7
"Se gostei de [Jogo X], o que mais eu devo jogar?",9
Indique um ótimo jogo de aventura para crianças.,6
Quais jogos são semelhantes a [Jogo Y]?,10
Me mostre um ótimo jogo de aventura para crianças.,6
Sugira um jogo de ação emocionante,1
Sugira um ideal jogo de aventura para crianças.,6
Quais são os jogos mais bem avaliados atualmente?,5
Sugira um jogo de ação emocionante,1
Quais são os lançamentos mais recentes no gênero RPG?,8
Busco um RPG com uma história envolvente,4
Quais são os jogos mais famosos atualmente?,5
Quais são os jogos mais conhecidos atualmente?,5
Me mostre um ideal jogo de aventura para crianças.,6
Gostaria de encontrar um RPG com uma história envolvente,4
"Se gostei de [Jogo X], o que mais eu devo jogar?",9
"Se gostei de [Jogo X], o que mais eu devo jogar?",9
Quais jogos são semelhantes a [Jogo Y]?,10
Quais jogos têm os mais recomendados gráficos?,7
Me mostre um excelente jogo de aventura para crianças.,6
Me mostre um jogo de ação emocionante,1
Busco um RPG com uma história envolvente,4
Quais são os jogos mais bem avaliados atualmente?,5
Me mostre um ótimo jogo de aventura para crianças.,6
Quais são os jogos mais bem avaliados atualmente?,5
"Eu gosto de jogos de estratégia complexos, o que você recomenda?",3
"Se gostei de [Jogo X], o que mais eu devo jogar?",9
"Se gostei de [Jogo X], o que mais eu devo jogar?",9
Quais são os principais simuladores de agricultura?,2
Gostaria de encontrar um RPG com uma história envolvente,4
Gostaria de encontrar um RPG com uma história envolvente,4
Quais são os lançamentos mais recentes no gênero RPG?,8
Quais são os jogos mais conhecidos atualmente?,5
"Se gostei de [Jogo X], o que mais eu devo jogar?",9
Quais jogos são semelhantes a [Jogo Y]?,10
Quais são os jogos mais famosos atualmente?,5
Quais são os jogos mais famosos atualmente?,5
Quais são os lançamentos mais recentes no gênero RPG?,8
Quais são os lançamentos mais recentes no gênero RPG?,8
Quais jogos são semelhantes a [Jogo Y]?,10
Quais são os jogos mais conhecidos atualmente?,5
Quais jogos têm os top gráficos?,7
Quais jogos são semelhantes a [Jogo Y]?,10
Quais são os jogos mais famosos atualmente?,5
Quais são os lançamentos mais recentes no gênero RPG?,8
Quais são os jogos mais conhecidos atualmente?,5
"Eu gosto de jogos de estratégia complexos, o que você recomenda?",3
Busco um RPG com uma história envolvente,4
Quais jogos têm os top gráficos?,7
Indique um jogo de ação emocionante,1
Quais são os lançamentos mais recentes no gênero RPG?,8
"Se gostei de [Jogo X], o que mais eu devo jogar?",9
Quais jogos têm os mais recomendados gráficos?,7
"Eu gosto de jogos de estratégia complexos, o que você recomenda?",3
Quais jogos são semelhantes a [Jogo Y]?,10
Quais são os jogos mais bem avaliados atualmente?,5
Quais são os jogos mais famosos atualmente?,5
Quais são os jogos mais famosos atualmente?,5
Estou procurando por um RPG com uma história envolvente,4
Quais jogos são semelhantes a [Jogo Y]?,10
Quais são os lançamentos mais recentes no gênero RPG?,8
Gostaria de encontrar um RPG com uma história envolvente,4
"Eu gosto de jogos de estratégia complexos, o que você recomenda?",3
Quais são os principais simuladores de agricultura?,2
Quais jogos são semelhantes a [Jogo Y]?,10
Quais são os top simuladores de agricultura?,2
"Se gostei de [Jogo X], o que mais eu devo jogar?",9
Quais são os principais simuladores de agricultura?,2
Quais são os lançamentos mais recentes no gênero RPG?,8
Indique um jogo de ação emocionante,1
Busco um RPG com uma história envolvente,4
"Se gostei de [Jogo X], o que mais eu devo jogar?",9
"Se gostei de [Jogo X], o que mais eu devo jogar?",9
Quais são os lançamentos mais recentes no gênero RPG?,8
Gostaria de encontrar um RPG com uma história envolvente,4
Me mostre um ideal jogo de aventura para crianças.,6
"Eu gosto de jogos de estratégia complexos, o que você recomenda?",3
Indique um ideal jogo de aventura para crianças.,6
Quais são os jogos mais famosos atualmente?,5
"Eu gosto de jogos de estratégia complexos, o que você recomenda?",3
Quais jogos têm os top gráficos?,7
"Eu gosto de jogos de estratégia complexos, o que você recomenda?",3
Quais jogos são semelhantes a [Jogo Y]?,10
Quais são os jogos mais famosos atualmente?,5
Indique um jogo de ação emocionante,1
Quais são os lançamentos mais recentes no gênero RPG?,8
Quais são os mais recomendados simuladores de agricultura?,2
"Eu gosto de jogos de estratégia complexos, o que você recomenda?",3
Busco um RPG com uma história envolvente,4
Busco um RPG com uma história envolvente,4
Quais são os principais simuladores de agricultura?,2
"Se gostei de [Jogo X], o que mais eu devo jogar?",9
Quais jogos têm os top gráficos?,7
"Eu gosto de jogos de estratégia complexos, o que você recomenda?",3
Quais jogos são semelhantes a [Jogo Y]?,10
Quais são os jogos mais bem avaliados atualmente?,5
Quais são os top simuladores de agricultura?,2
Quais jogos têm os principais gráficos?,7
"Se gostei de [Jogo X], o que mais eu devo jogar?",9
Busco um RPG com uma história envolvente,4
Sugira um excelente jogo de aventura para crianças.,6
Quais jogos têm os top gráficos?,7
Sugira um jogo de ação emocionante,1
Gostaria de encontrar um RPG com uma história envolvente,4
Quais jogos têm os principais gráficos?,7
Me mostre um ótimo jogo de aventura para crianças.,6
Me mostre um ótimo jogo de aventura para crianças.,6
Sugira um jogo de ação emocionante,1
Indique um jogo de ação emocionante,1
Sugira um ótimo jogo de aventura para crianças.,6
Quais são os top simuladores de agricultura?,2
Me mostre um excelente jogo de aventura para crianças.,6
Quais jogos são semelhantes a [Jogo Y]?,10
Quais jogos têm os principais gráficos?,7
Quais são os jogos mais conhecidos atualmente?,5
Quais são os jogos mais conhecidos atualmente?,5
Quais são os mais recomendados simuladores de agricultura?,2
"Eu gosto de jogos de estratégia complexos, o que você recomenda?",3
Quais jogos têm os top gráficos?,7
Quais são os lançamentos mais recentes no gênero RPG?,8
Quais são os top simuladores de agricultura?,2
Quais jogos têm os principais gráficos?,7
Quais são os jogos mais famosos atualmente?,5
Quais jogos têm os principais gráficos?,7
Me mostre um jogo de ação emocionante,1
Indique um jogo de ação emocionante,1
Quais jogos são semelhantes a [Jogo Y]?,10
Quais são os jogos mais famosos atualmente?,5
Quais jogos têm os mais recomendados gráficos?,7
Quais são os lançamentos mais recentes no gênero RPG?,8
Quais são os jogos mais famosos atualmente?,5
Quais jogos têm os principais gráficos?,7
Quais são os lançamentos mais recentes no gênero RPG?,8
Quais são os lançamentos mais recentes no gênero RPG?,8
Sugira um ótimo jogo de aventura para crianças.,6
"Eu gosto de jogos de estratégia complexos, o que você recomenda?",3
Quais são os top simuladores de agricultura?,2
Estou procurando por um RPG com uma história envolvente,4
"Se gostei de [Jogo X], o que mais eu devo jogar?",9
Busco um RPG com uma história envolvente,4
Me mostre um jogo de ação emocionante,1
Gostaria de encontrar um RPG com uma história envolvente,4
Quais são os top simuladores de agricultura?,2
Quais são os lançamentos mais recentes no gênero RPG?,8
Quais são os mais recomendados simuladores de agricultura?,2
Quais são os lançamentos mais recentes no gênero RPG?,8
Quais são os jogos mais famosos atualmente?,5
Quais são os lançamentos mais recentes no gênero RPG?,8
Quais jogos têm os mais recomendados gráficos?,7
Quais jogos têm os mais recomendados gráficos?,7
Estou procurando por um RPG com uma história envolvente,4
"Eu gosto de jogos de estratégia complexos, o que você recomenda?",3
"Eu gosto de jogos de estratégia complexos, o que você recomenda?",3
Sugira um jogo de ação emocionante,1
Quais são os top simuladores de agricultura?,2
"Se gostei de [Jogo X], o que mais eu devo jogar?",9
Quais são os lançamentos mais recentes no gênero RPG?,8
Sugira um excelente jogo de aventura para crianças.,6
"Se gostei de [Jogo X], o que mais eu devo jogar?",9
Quais são os lançamentos mais recentes no gênero RPG?,8
Estou procurando por um RPG com uma história envolvente,4
Quais são os jogos mais famosos atualmente?,5
Quais jogos são semelhantes a [Jogo Y]?,10
Quais jogos têm os mais recomendados gráficos?,7
Quais jogos têm os top gráficos?,7
Gostaria de encontrar um RPG com uma história envolvente,4
Sugira um jogo de ação emocionante,1
Quais jogos são semelhantes a [Jogo Y]?,10
Quais são os jogos mais famosos atualmente?,5
Sugira um ótimo jogo de aventura para crianças.,6
Quais jogos têm os mais recomendados gráficos?,7
Me mostre um jogo de ação emocionante,1
"Eu gosto de jogos de estratégia complexos, o que você recomenda?",3
Quais jogos são semelhantes a [Jogo Y]?,10
Sugira um ideal jogo de aventura para crianças.,6
Quais jogos são semelhantes a [Jogo Y]?,10
Indique um excelente jogo de aventura para crianças.,6
Quais são os jogos mais bem avaliados atualmente?,5
Quais são os lançamentos mais recentes no gênero RPG?,8
Quais jogos têm os mais recomendados gráficos?,7
Sugira um ótimo jogo de aventura para crianças.,6
Indique um excelente jogo de aventura para crianças.,6
Quais jogos têm os top gráficos?,7
"Eu gosto de jogos de estratégia complexos, o que você recomenda?",3
Me mostre um ótimo jogo de aventura para crianças.,6
Indique um ideal jogo de aventura para crianças.,6
Quais são os jogos mais famosos atualmente?,5
Quais são os jogos mais bem avaliados atualmente?,5
Indique um ótimo jogo de aventura para crianças.,6
Quais jogos são semelhantes a [Jogo Y]?,10
"Se gostei de [Jogo X], o que mais eu devo jogar?",9
Quais jogos são semelhantes a [Jogo Y]?,10
Quais são os jogos mais famosos atualmente?,5
Gostaria de encontrar um RPG com uma história envolvente,4
Quais são os lançamentos mais recentes no gênero RPG?,8
"Eu gosto de jogos de estratégia complexos, o que você recomenda?",3
"Eu gosto de jogos de estratégia complexos, o que você recomenda?",3
Quais são os jogos mais bem avaliados atualmente?,5
Indique um ótimo jogo de aventura para crianças.,6
Me mostre um excelente jogo de aventura para crianças.,6
Quais são os lançamentos mais recentes no gênero RPG?,8
"Se gostei de [Jogo X], o que mais eu devo jogar?",9
Indique um jogo de ação emocionante,1
"Se gostei de [Jogo X], o que mais eu devo jogar?",9
Quais são os lançamentos mais recentes no gênero RPG?,8
Sugira um jogo de ação emocionante,1
Quais jogos são semelhantes a [Jogo Y]?,10
Quais são os lançamentos mais recentes no gênero RPG?,8
"Se gostei de [Jogo X], o que mais eu devo jogar?",9
Quais jogos são semelhantes a [Jogo Y]?,10
Estou procurando por um RPG com uma história envolvente,4
Quais jogos são semelhantes a [Jogo Y]?,10
"Se gostei de [Jogo X], o que mais eu devo jogar?",9
Me mostre um jogo de ação emocionante,1
Quais jogos são semelhantes a [Jogo Y]?,10
"Eu gosto de jogos de estratégia complexos, o que você recomenda?",3
Me mostre um jogo de ação emocionante,1
Indique um ótimo jogo de aventura para crianças.,6
Indique um ótimo jogo de aventura para crianças.,6
"Se gostei de [Jogo X], o que mais eu devo jogar?",9
"Se gostei de [Jogo X], o que mais eu devo jogar?",9
"Eu gosto de jogos de estratégia complexos, o que você recomenda?",3
"Se gostei de [Jogo X], o que mais eu devo jogar?",9
Sugira um jogo de ação emocionante,1
Quais são os lançamentos mais recentes no gênero RPG?,8
Quais jogos têm os mais recomendados gráficos?,7
"Eu gosto de jogos de estratégia complexos, o que você recomenda?",3
Sugira um excelente jogo de aventura para crianças.,6
Quais jogos são semelhantes a [Jogo Y]?,10
Estou procurando por um RPG com uma história envolvente,4
"Eu gosto de jogos de estratégia complexos, o que você recomenda?",3
Quais são os jogos mais bem avaliados atualmente?,5
Quais são os lançamentos mais recentes no gênero RPG?,8
"Eu gosto de jogos de estratégia complexos, o que você recomenda?",3
Quais são os jogos mais bem avaliados atualmente?,5
"Eu gosto de jogos de estratégia complexos, o que você recomenda?",3
Indique um jogo de ação emocionante,1
Quais jogos têm os mais recomendados gráficos?,7
Sugira um jogo de ação emocionante,1
Gostaria de encontrar um RPG com uma história envolvente,4
Quais são os principais simuladores de agricultura?,2
Quais são os jogos mais conhecidos atualmente?,5
"Se gostei de [Jogo X], o que mais eu devo jogar?",9
Quais jogos são semelhantes a [Jogo Y]?,10
Sugira um jogo de ação emocionante,1
Quais jogos têm os top gráficos?,7
Indique um ótimo jogo de aventura para crianças.,6
Quais jogos têm os mais recomendados gráficos?,7
Indique um ótimo jogo de aventura para crianças.,6
Quais jogos são semelhantes a [Jogo Y]?,10
Busco um RPG com uma história envolvente,4
"Eu gosto de jogos de estratégia complexos, o que você recomenda?",3
Quais jogos têm os top gráficos?,7
Quais são os lançamentos mais recentes no gênero RPG?,8
Sugira um ótimo jogo de aventura para crianças.,6
Quais jogos têm os principais gráficos?,7
Indique um ideal jogo de aventura para crianças.,6
Quais são os mais recomendados simuladores de agricultura?,2
Quais jogos têm os top gráficos?,7
Estou procurando por um RPG com uma história envolvente,4
Indique um ideal jogo de aventura para crianças.,6
Quais são os mais recomendados simuladores de agricultura?,2
Quais jogos têm os mais recomendados gráficos?,7
Indique um excelente jogo de aventura para crianças.,6
Quais são os lançamentos mais recentes no gênero RPG?,8
Busco um RPG com uma história envolvente,4
Quais são os top simuladores de agricultura?,2
Me mostre um ideal jogo de aventura para crianças.,6
Quais são os lançamentos mais recentes no gênero RPG?,8
"Eu gosto de jogos de estratégia complexos, o que você recomenda?",3
Quais são os jogos mais conhecidos atualmente?,5
Me mostre um ideal jogo de aventura para crianças.,6
Quais são os principais simuladores de agricultura?,2
Quais jogos têm os top gráficos?,7
"Se gostei de [Jogo X], o que mais eu devo jogar?",9
Quais jogos são semelhantes a [Jogo Y]?,10
Me mostre um excelente jogo de aventura para crianças.,6
"Se gostei de [Jogo X], o que mais eu devo jogar?",9
"Se gostei de [Jogo X], o que mais eu devo jogar?",9
Quais jogos têm os mais recomendados gráficos?,7
"Se gostei de [Jogo X], o que mais eu devo jogar?",9
Quais são os jogos mais conhecidos atualmente?,5
Quais são os lançamentos mais recentes no gênero RPG?,8
